country,best_model_by_RMSE,RMSE,MAPE
Afghanistan,Random Forest,7.681814964203764,20.586857779686767
Africa,Exponential Smoothing,186.0427237601293,3.173616409758911
Africa (EI),Exponential Smoothing,186.15433315130443,3.1754640839097035
Africa (EIA),ARIMA,356.050691169486,4.602286381182494
Albania,Random Forest,6.35461323822733,12.863543079825526
Algeria,Exponential Smoothing,79.1887601817489,11.612948215122769
American Samoa,Exponential Smoothing,0.10553362627661547,7.101953541358649
Angola,ARIMA,13.042738955205786,9.737493959089733
Antarctica,ARIMA,0.005632446218812025,7.997111336187442
Antigua and Barbuda,ARIMA,0.17127609910675823,5.274282137889454
Argentina,Exponential Smoothing,60.51703044764603,4.88274229169949
Armenia,Random Forest,5.416858872967464,8.71723812483625
Aruba,Exponential Smoothing,0.27666136361240373,4.460518764313109
Asia,ARIMA,2087.9247694459414,2.216426795242821
Asia & Oceania (EIA),ARIMA,3050.6584652720953,3.807513192962798
Asia Pacific (EI),ARIMA,1477.7771600632882,1.6487670012814233
Australia,Gradient Boosting (XGB substitute),79.74482938369364,4.3232457492353085
Australia and New Zealand (EIA),Gradient Boosting (XGB substitute),84.3994439312466,2.9243790365880136
Austria,Gradient Boosting (XGB substitute),13.654558951213824,3.0476605622226094
Azerbaijan,ARIMA,19.550424708120428,7.182220470448588
Bahamas,ARIMA,1.5361525186276683,9.568551566601997
Bahrain,Exponential Smoothing,12.640282965292931,5.220603381177868
Bangladesh,Exponential Smoothing,39.56055638870179,7.635538165337106
Barbados,Random Forest,0.6096464160377347,7.341433120390062
Belarus,Random Forest,19.982669095870232,5.4998145894724955
Belgium,ARIMA,43.04332654805945,5.116564337635833
Belize,Exponential Smoothing,0.46221933481100325,11.50517649527027
Benin,Exponential Smoothing,6.522145586695017,18.251685019539522
Bermuda,Random Forest,0.4002609418388561,10.298612146412523
Bhutan,Exponential Smoothing,0.8553723427014353,3.57558374866808
Bolivia,Gradient Boosting (XGB substitute),7.327394028123111,7.119259694713917
Bosnia and Herzegovina,ARIMA,4.867244394069622,5.845474136144219
Botswana,Exponential Smoothing,2.0089288082330286,6.8411407245647675
Brazil,Exponential Smoothing,259.7479059901542,6.15204451555389
British Virgin Islands,Gradient Boosting (XGB substitute),0.0716435551988939,6.9209154265106
Brunei,Exponential Smoothing,5.51228911519319,9.811387083003419
Bulgaria,ARIMA,14.240210813227003,5.435263526194025
Burkina Faso,Exponential Smoothing,3.105961700890045,15.834966225164957
Burundi,Exponential Smoothing,0.7920004227945715,18.073979681980372
CIS (EI),Random Forest,330.5666795611411,2.6552058816113178
Cambodia,Exponential Smoothing,14.932501911284852,20.41510257891857
Cameroon,Exponential Smoothing,2.384883241910969,4.25573386819313
Canada,Random Forest,185.60147366677901,4.157282889126196
Cape Verde,ARIMA,0.21316856202613857,4.189549014822579
Cayman Islands,Exponential Smoothing,0.19041435691155184,5.800334127798442
Central & South America (EIA),Gradient Boosting (XGB substitute),296.9359515447738,2.533335775109325
Central African Republic,Exponential Smoothing,0.16038921820468263,9.81962089646302
Central America (EI),Exponential Smoothing,36.734549133611395,7.868793133002584
Chad,ARIMA,2.059743609727132,24.84373016659299
Chile,Exponential Smoothing,17.933078446588553,3.2985315643431594
China,ARIMA,4184.712488489579,10.070523456705194
Colombia,Exponential Smoothing,56.31309738256676,8.776095032378967
Comoros,Exponential Smoothing,0.38156665924248456,26.51175523349563
Congo,Random Forest,6.3330293830667115,30.990104460239397
Cook Islands,Exponential Smoothing,0.01930780641345343,3.5723501555742656
Costa Rica,Exponential Smoothing,2.8827290532955976,3.5741470934077153
Cote d'Ivoire,Exponential Smoothing,11.860710158733928,19.324340834335953
Croatia,ARIMA,3.4075892790606646,3.13383341425765
Cuba,Random Forest,8.294292718493105,4.457620588911397
Cyprus,Random Forest,3.509242103460662,9.735912411136118
Czechia,Exponential Smoothing,15.461038901446807,2.686225321289849
Czechoslovakia,Random Forest,77.41092685045959,6.102121249508752
Democratic Republic of Congo,Exponential Smoothing,6.5582680354499105,13.179768883568025
Denmark,Gradient Boosting (XGB substitute),15.21676557100783,6.510084543521057
Djibouti,Exponential Smoothing,0.2988040311034359,6.177194519175666
Dominica,Random Forest,0.039867299418986424,3.968637865602423
Dominican Republic,Exponential Smoothing,6.9202339568261655,6.002480627969791
East Timor,Gradient Boosting (XGB substitute),0.03985598979407933,1.506832370061816
Eastern Africa (EI),Exponential Smoothing,33.397769573850674,4.7161300786853575
Ecuador,Exponential Smoothing,15.407005620511997,6.808836094214049
Egypt,Gradient Boosting (XGB substitute),101.57032579203883,8.392994979352075
El Salvador,Exponential Smoothing,1.7489570380531032,3.872375243449402
Equatorial Guinea,Random Forest,5.3577272227297685,17.906458007459417
Eritrea,Random Forest,0.30145238362400284,8.39180071680709
Estonia,Gradient Boosting (XGB substitute),6.6145132302288845,9.344769179841292
Eswatini,Exponential Smoothing,0.3196722741652884,4.372019408374527
Ethiopia,Exponential Smoothing,15.844297777228952,16.436002162001255
Eurasia (EIA),Random Forest,735.0632957727604,4.568593909890621
Europe,Exponential Smoothing,805.8748223437717,2.0809475381769014
Europe (EI),Random Forest,885.5251807262467,2.894445834942876
Europe (EIA),Exponential Smoothing,630.6232020402385,2.1322358738034843
European Union (27),Exponential Smoothing,474.9606529276871,2.2610929762195187
Falkland Islands,Random Forest,0.010420346490767854,4.112721415159812
Faroe Islands,Exponential Smoothing,0.18277163361051202,4.483350973525833
Fiji,Random Forest,0.5773708037707737,6.317627051826408
Finland,Exponential Smoothing,10.182759250405832,2.545820197765673
France,Exponential Smoothing,169.6111869917302,4.511053432186674
French Guiana,ARIMA,1.7026619736417072,16102650617.481115
French Polynesia,Random Forest,0.18372716926779312,3.60793295474006
Gabon,Gradient Boosting (XGB substitute),1.4242154540148795,6.1106297074307525
Gambia,ARIMA,0.07724671442490409,3.020139838217625
Georgia,ARIMA,4.063009829661908,4.490864517674393
Germany,Exponential Smoothing,182.32418256994677,4.289265707025381
Ghana,Exponential Smoothing,17.076068409527707,13.251206210497307
Greece,Exponential Smoothing,24.25333482399799,6.990612451904678
Greenland,Random Forest,0.4117250789193173,11.282320616855975
Grenada,ARIMA,0.08748849053877925,6.133848579065474
Guadeloupe,Exponential Smoothing,3.303696836073946,28561558397.36126
Guam,Exponential Smoothing,1.2836894637409122,16.207005948922358
Guatemala,Exponential Smoothing,22.534363685514304,22.1877653194514
Guinea,ARIMA,1.2941102779688365,7.957636458800205
Guinea-Bissau,Gradient Boosting (XGB substitute),0.12091834595098047,6.683139380864957
Guyana,Exponential Smoothing,1.1992175029773466,9.262215221769523
Haiti,Exponential Smoothing,1.968057206271242,12.471199641330537
High-income countries,Random Forest,1701.3892189995624,1.9605872284700743
Honduras,ARIMA,4.58916473220244,6.758058718749778
Hong Kong,Random Forest,38.292399894975816,10.694162813420403
Hungary,ARIMA,18.777389619744987,5.90291334750642
Iceland,ARIMA,3.947623300787866,5.523487200691548
India,Exponential Smoothing,252.01653773156195,2.0169293813775133
Indonesia,ARIMA,214.69635603558996,9.404744648298497
Iran,Exponential Smoothing,73.91072428243679,2.2187728640387094
Iraq,Exponential Smoothing,124.13196079913237,18.14065297153156
Ireland,Random Forest,9.075996046253318,4.118308078237902
Israel,ARIMA,9.341684240365405,2.8903245287209467
Italy,Exponential Smoothing,79.04218721526149,3.4017323337435026
Jamaica,Random Forest,3.9924739072166857,7.004541507298463
Japan,Exponential Smoothing,336.7854988013503,5.501020399311543
Jordan,ARIMA,7.7345990555712305,5.971410995709617
Kazakhstan,Random Forest,69.33180544815184,7.269779112527211
Kenya,Exponential Smoothing,8.976717194492256,8.063625223595977
Kiribati,Gradient Boosting (XGB substitute),0.03291411947950264,9.454258877732448
Kosovo,Gradient Boosting (XGB substitute),0.9589533229454653,3.319720691261686
Kuwait,ARIMA,27.385263496594444,5.744324503447038
Kyrgyzstan,ARIMA,4.345153724884586,5.026005251678021
Laos,Exponential Smoothing,51.104392479742195,35.32249394490647
Latvia,Random Forest,3.2330947894236983,5.581525822360929
Lebanon,Exponential Smoothing,5.812666378001586,4.239997786178182
Lesotho,Exponential Smoothing,0.17676226132299686,2.755597814624537
Liberia,Exponential Smoothing,0.42810826842713545,7.558102382272956
Libya,Random Forest,24.20336272590298,10.080707637456324
Lithuania,Random Forest,5.121637521242877,6.782458985841573
Low-income countries,ARIMA,28.49073466497051,2.7504681285151227
Lower-middle-income countries,Exponential Smoothing,1038.4147896976976,4.418628743363068
Luxembourg,Gradient Boosting (XGB substitute),4.481015914045495,8.688383320513948
Macao,Exponential Smoothing,2.1607806147516437,12.600602967479979
Madagascar,Exponential Smoothing,2.789778888797901,15.847195924733395
Malawi,Gradient Boosting (XGB substitute),0.48058186639340456,4.118554338830663
Malaysia,Exponential Smoothing,91.61634321842799,7.407545379738671
Maldives,ARIMA,0.8284295014676851,7.478638833661461
Mali,Exponential Smoothing,2.78228112032182,9.62605483699081
Malta,Exponential Smoothing,4.737330763172028,11.371559661390435
Martinique,ARIMA,4.12671482455828,2193173418.1462417
Mauritania,Exponential Smoothing,3.9691586525551044,19.451492866895304
Mauritius,Exponential Smoothing,1.9754285343439735,5.292516532801604
Mexico,Gradient Boosting (XGB substitute),92.10875341207145,2.9625008604847767
Micronesia (country),Exponential Smoothing,0.044356642624326,5.687861841479396
Middle Africa (EI),ARIMA,15.331166424077004,4.25855089257241
Middle East (EI),ARIMA,980.3501234861754,7.516562222607772
Middle East (EIA),Gradient Boosting (XGB substitute),1048.9682925685463,8.36564508927898
Moldova,ARIMA,4.261455998691833,5.8359434613129055
Mongolia,Exponential Smoothing,4.55578086820533,5.120940108039592
Montenegro,Exponential Smoothing,0.6861608127096857,4.610404699728422
Montserrat,Gradient Boosting (XGB substitute),0.030977902353317578,16.78042069506611
Morocco,ARIMA,16.623475850568845,5.878237389188999
Mozambique,ARIMA,8.313608482238982,9.828621219249746
Myanmar,ARIMA,44.37799191578172,22.924144764077464
Namibia,ARIMA,0.9367438730855896,3.4399691500523626
Nauru,ARIMA,0.04883308702481563,11.65861303429078
Nepal,Exponential Smoothing,9.595931016025974,17.95355518648119
Netherlands,Random Forest,52.71577467429313,4.062494483775256
Netherlands Antilles,Random Forest,3.377959288305828,3.748766350829466
New Caledonia,Exponential Smoothing,2.584623506636706,10.90552645079475
New Zealand,ARIMA,11.988789581760932,4.341462878827036
Nicaragua,Exponential Smoothing,2.250152200843975,7.3559549217116995
Niger,Gradient Boosting (XGB substitute),1.1454996549431662,9.970141689528045
Nigeria,ARIMA,137.67345147554127,27.606234981775923
Niue,Exponential Smoothing,0.0020834508300673015,5.961024477753384
Non-OECD (EI),ARIMA,4239.24976122095,2.8230650972568343
Non-OECD (EIA),ARIMA,1573.5789044721428,1.0821374410473021
Non-OPEC (EIA),Exponential Smoothing,3468.395164568616,1.46904958394461
North America,Gradient Boosting (XGB substitute),605.38674102136,1.291266239150346
North America (EI),ARIMA,675.116555362389,1.5401445545966619
North Korea,Exponential Smoothing,35.54108222025389,33.54293187159929
North Macedonia,Random Forest,1.6882674503504156,5.059775536074929
Northern Mariana Islands,ARIMA,0.0,0.0
Norway,Random Forest,31.70818833658072,4.877529799279086
OECD (EI),ARIMA,1582.3000038115383,1.7680931170170684
OECD (EIA),Random Forest,1462.0208701867155,1.4827227286791518
OPEC (EIA),Gradient Boosting (XGB substitute),976.9307905573722,7.4543622931788445
Oceania,Gradient Boosting (XGB substitute),84.07174265219939,3.9978031468485464
Oman,ARIMA,21.630688610907875,4.602209708869429
Pakistan,Exponential Smoothing,151.1078807510077,14.870105057893
Palestine,ARIMA,1.4029624850143279,5.625010126990661
Panama,Exponential Smoothing,9.084392783910825,6.222484216735922
Papua New Guinea,Exponential Smoothing,4.084395613047614,14.128145988519572
Paraguay,Gradient Boosting (XGB substitute),10.503022171348256,7.075642678196188
Persian Gulf (EIA),Gradient Boosting (XGB substitute),1061.7259884170055,9.560918166790259
Peru,ARIMA,25.27372995007798,6.523071177108407
Philippines,Exponential Smoothing,123.4668849948697,20.473007732921168
Poland,Random Forest,47.84081342500447,3.163954983231005
Portugal,ARIMA,17.080572643392056,5.365713516440172
Puerto Rico,Random Forest,11.474891652942517,12.076838360655204
Qatar,ARIMA,62.94524621598061,9.740173751028602
Reunion,ARIMA,2.6305452207723947,21520227172.5025
Romania,Gradient Boosting (XGB substitute),34.8598887239859,8.780335238928417
Russia,Random Forest,450.7641632674162,4.7614353114466335
Rwanda,Exponential Smoothing,0.28133599721222474,3.4446097045487436
Saint Helena,ARIMA,0.005912934351753367,12.526279479411711
Saint Kitts and Nevis,Gradient Boosting (XGB substitute),0.057625078917690156,4.470647190356051
Saint Lucia,Exponential Smoothing,0.24007921217761033,7.969069260643461
Saint Pierre and Miquelon,Random Forest,0.028379048218321132,6.060227363087005
Saint Vincent and the Grenadines,Gradient Boosting (XGB substitute),0.14799889849310788,12.53825298276727
Samoa,Exponential Smoothing,0.13625647500268828,8.545517825235867
Sao Tome and Principe,ARIMA,0.020621938399870518,2.709061313686081
Saudi Arabia,ARIMA,229.84471586368633,7.205518958841424
Senegal,Exponential Smoothing,8.055416771694599,18.45307561963854
Serbia,Gradient Boosting (XGB substitute),8.226654213668033,3.687631129090083
Serbia and Montenegro,Random Forest,12.99915096379965,3.4810174519418458
Seychelles,Exponential Smoothing,0.34232731230264424,5.768236042508066
Sierra Leone,Exponential Smoothing,0.4852329705043212,7.868055076285492
Singapore,Gradient Boosting (XGB substitute),107.03719896519301,10.069734031613962
Slovakia,ARIMA,6.936284653476861,3.1661385423684587
Slovenia,ARIMA,4.291128428010005,4.713737269238219
Solomon Islands,Random Forest,0.1384099685448697,8.966564989425878
Somalia,ARIMA,0.1295428324470673,3.1638686519229764
South Africa,Random Forest,42.35442838001243,2.6728012385067297
South America,Gradient Boosting (XGB substitute),449.21896083868353,5.701017993371093
South Korea,Gradient Boosting (XGB substitute),240.1300420031663,6.188415681203208
South and Central America (EI),Gradient Boosting (XGB substitute),483.25281312651214,5.432997691826197
Spain,ARIMA,53.305683641168066,2.7834896944491314
Sri Lanka,ARIMA,14.275679600888157,10.717232891954625
Sudan,Exponential Smoothing,7.65368431973512,5.504394943100191
Suriname,Exponential Smoothing,0.8276773681792069,5.727827293787129
Sweden,Random Forest,22.433989497294014,2.689743059543237
Switzerland,Random Forest,18.48094672759681,4.957704345748425
Syria,ARIMA,23.916151933086475,16.313880142411563
Taiwan,Random Forest,70.5322013056377,4.81424980025893
Tajikistan,Random Forest,7.905259280461602,8.411461800279358
Tanzania,Gradient Boosting (XGB substitute),8.376461744135929,13.986830757208468
Thailand,ARIMA,95.3849036648667,5.436498146769637
Togo,Gradient Boosting (XGB substitute),1.460051247642248,13.589183808021504
Tonga,Exponential Smoothing,0.07594581389336263,9.140630569208165
Trinidad and Tobago,Random Forest,29.90350673688879,13.545347917265852
Tunisia,Exponential Smoothing,14.498135058458718,11.852141563439659
Turkey,Exponential Smoothing,139.52930899149047,6.666816037047692
Turkmenistan,Exponential Smoothing,39.727412293288424,8.225798924072048
Turks and Caicos Islands,Exponential Smoothing,0.0769467656585714,5.384775038394195
Tuvalu,ARIMA,0.0,0.0
U.S. Pacific Islands (EIA),Random Forest,0.5287916763868825,2374340611.9756446
U.S. Territories (EIA),ARIMA,0.0,0.0
USSR,Gradient Boosting (XGB substitute),1173.8004165537013,6.0213899618964035
Uganda,Exponential Smoothing,5.836082664599315,16.847457751708976
Ukraine,ARIMA,135.5261768780984,13.52847113263658
United Arab Emirates,ARIMA,85.95616527048725,5.774736416955032
United Kingdom,Exponential Smoothing,230.62371667644868,8.892634264431907
United States,Gradient Boosting (XGB substitute),725.269622784955,2.199890171867612
United States Virgin Islands,ARIMA,13.013656049655218,124.37917938709646
Upper-middle-income countries,ARIMA,2050.5967474998024,2.234665968318525
Uruguay,Exponential Smoothing,4.511388645783486,6.737907298817329
Uzbekistan,Exponential Smoothing,17.899511347182024,3.0391144336922844
Vanuatu,Exponential Smoothing,0.1687123497684822,14.029780690670485
Venezuela,Random Forest,127.15402720623682,14.463620434153167
Vietnam,Exponential Smoothing,123.96835313081229,9.20869102288535
Wake Island (EIA),Gradient Boosting (XGB substitute),2.587663801631902,12194697343.090946
Western Africa (EI),ARIMA,211.79564142722953,21.564414632725647
Western Sahara,Gradient Boosting (XGB substitute),0.017297124652437306,1.2217966850772275
World,ARIMA,2182.43759623304,0.8581034849009165
Yemen,Gradient Boosting (XGB substitute),17.363973966653642,29.105742680165125
Yugoslavia,Gradient Boosting (XGB substitute),35.79849483151116,3.097424495651315
Zambia,Exponential Smoothing,3.8400465839726303,5.865472144650805
Zimbabwe,Gradient Boosting (XGB substitute),4.111129619324797,6.831691688275145
