country,model,RMSE,MAPE
Afghanistan,ARIMA,8.437511818538487,27.529383916339285
Afghanistan,Exponential Smoothing,30.947378672701834,97.79290310306152
Afghanistan,Gradient Boosting (XGB substitute),14.755745161061672,43.490472327107604
Afghanistan,Random Forest,7.681814964203764,20.586857779686767
Africa,ARIMA,211.18160653606964,3.550420597176255
Africa,Exponential Smoothing,186.0427237601293,3.173616409758911
Africa,Gradient Boosting (XGB substitute),907.3899153903018,15.082566301429834
Africa,Random Forest,945.0149473740648,15.86135130905978
Africa (EI),ARIMA,211.18089595278826,3.550414102075957
Africa (EI),Exponential Smoothing,186.15433315130443,3.1754640839097035
Africa (EI),Gradient Boosting (XGB substitute),907.3900176272232,15.082566368942594
Africa (EI),Random Forest,945.0150229990579,15.861350892490647
Africa (EIA),ARIMA,356.050691169486,4.602286381182494
Africa (EIA),Exponential Smoothing,386.40021240986334,5.0059442363951785
Africa (EIA),Gradient Boosting (XGB substitute),530.7917707469065,8.46227069364437
Africa (EIA),Random Forest,654.9453534134169,10.730925409396688
Albania,ARIMA,7.335446994531702,16.983072458907085
Albania,Exponential Smoothing,9.365444290211249,22.809977326534916
Albania,Gradient Boosting (XGB substitute),6.7030075479149005,14.64543844215967
Albania,Random Forest,6.35461323822733,12.863543079825526
Algeria,ARIMA,129.84590637589056,18.495786459294557
Algeria,Exponential Smoothing,79.1887601817489,11.612948215122769
Algeria,Gradient Boosting (XGB substitute),193.9940221649452,27.71652862257718
Algeria,Random Forest,195.16042268147322,27.913770613174915
American Samoa,ARIMA,0.6937919041831593,47.18144090469557
American Samoa,Exponential Smoothing,0.10553362627661547,7.101953541358649
American Samoa,Gradient Boosting (XGB substitute),0.12358658306852842,8.000946228717197
American Samoa,Random Forest,0.3022136092236774,20.554233707927022
Angola,ARIMA,13.042738955205786,9.737493959089733
Angola,Exponential Smoothing,19.661180402048156,15.131178316770482
Angola,Gradient Boosting (XGB substitute),19.1721591127953,15.759682848762797
Angola,Random Forest,21.359415194412293,17.94529622330857
Antarctica,ARIMA,0.005632446218812025,7.997111336187442
Antarctica,Exponential Smoothing,0.09597199023197464,163.38353195017
Antarctica,Gradient Boosting (XGB substitute),0.011843296182347189,19.440075114202404
Antarctica,Random Forest,0.07954643284131467,147.35299680010604
Antigua and Barbuda,ARIMA,0.17127609910675823,5.274282137889454
Antigua and Barbuda,Exponential Smoothing,0.29941365780488355,7.096542114494063
Antigua and Barbuda,Gradient Boosting (XGB substitute),0.18595578780381572,6.006301686888752
Antigua and Barbuda,Random Forest,0.17263940126142374,5.422215188778192
Argentina,ARIMA,63.226863471954985,5.044598619469257
Argentina,Exponential Smoothing,60.51703044764603,4.88274229169949
Argentina,Gradient Boosting (XGB substitute),87.17114829084078,8.230513747125935
Argentina,Random Forest,95.1324480472346,8.978400468199759
Armenia,ARIMA,5.577659452283316,10.03131271570663
Armenia,Exponential Smoothing,7.275238263512968,13.08929078898012
Armenia,Gradient Boosting (XGB substitute),5.45483093082278,8.885935293925861
Armenia,Random Forest,5.416858872967464,8.71723812483625
Aruba,ARIMA,0.33891419902859826,4.730726745353791
Aruba,Exponential Smoothing,0.27666136361240373,4.460518764313109
Aruba,Gradient Boosting (XGB substitute),0.5429154536323055,7.2395584097217744
Aruba,Random Forest,0.3916045273313189,5.958098762707031
Asia,ARIMA,2087.9247694459414,2.216426795242821
Asia,Exponential Smoothing,9117.924783557177,9.585355928269124
Asia,Gradient Boosting (XGB substitute),14456.17493013689,15.307794761491552
Asia,Random Forest,16202.205759295151,17.75199441741649
Asia & Oceania (EIA),ARIMA,3050.6584652720953,3.807513192962798
Asia & Oceania (EIA),Exponential Smoothing,10608.42271115599,12.651323131367281
Asia & Oceania (EIA),Gradient Boosting (XGB substitute),7946.488208844646,9.191530592513173
Asia & Oceania (EIA),Random Forest,9578.225563992984,11.685236450536268
Asia Pacific (EI),ARIMA,1477.7771600632882,1.6487670012814233
Asia Pacific (EI),Exponential Smoothing,7696.116564591389,9.800092922434038
Asia Pacific (EI),Gradient Boosting (XGB substitute),13022.643007506778,15.52996575479995
Asia Pacific (EI),Random Forest,14457.784495076174,17.933123867118326
Australia,ARIMA,123.66721999191034,6.771254891970491
Australia,Exponential Smoothing,126.51332862113527,6.940068216747018
Australia,Gradient Boosting (XGB substitute),79.74482938369364,4.3232457492353085
Australia,Random Forest,83.94744604474394,4.520500570656857
Australia and New Zealand (EIA),ARIMA,115.17299122252147,4.212788266462787
Australia and New Zealand (EIA),Exponential Smoothing,119.56263377567483,4.453837257334647
Australia and New Zealand (EIA),Gradient Boosting (XGB substitute),84.3994439312466,2.9243790365880136
Australia and New Zealand (EIA),Random Forest,92.64501185488056,3.475667491565585
Austria,ARIMA,20.51815303294057,4.05144327303366
Austria,Exponential Smoothing,19.288302435429912,3.7431884607604133
Austria,Gradient Boosting (XGB substitute),13.654558951213824,3.0476605622226094
Austria,Random Forest,13.97248402060182,2.8144964015091367
Azerbaijan,ARIMA,19.550424708120428,7.182220470448588
Azerbaijan,Exponential Smoothing,27.823190521737978,14.136676482416988
Azerbaijan,Gradient Boosting (XGB substitute),37.44691739746354,16.873573120371653
Azerbaijan,Random Forest,35.97699203532471,16.281128583961035
Bahamas,ARIMA,1.5361525186276683,9.568551566601997
Bahamas,Exponential Smoothing,1.9877536461393328,11.876276921098713
Bahamas,Gradient Boosting (XGB substitute),1.8835988501080112,12.268514212870762
Bahamas,Random Forest,1.577727359382622,10.088518163290633
Bahrain,ARIMA,13.278296704128033,5.435639607436265
Bahrain,Exponential Smoothing,12.640282965292931,5.220603381177868
Bahrain,Gradient Boosting (XGB substitute),36.1320405913669,15.477871910836704
Bahrain,Random Forest,39.05909000114333,16.890470602068213
Bangladesh,ARIMA,49.815096080361094,9.630702643221376
Bangladesh,Exponential Smoothing,39.56055638870179,7.635538165337106
Bangladesh,Gradient Boosting (XGB substitute),148.61799451743008,28.723918810155013
Bangladesh,Random Forest,157.91246354082,31.246472232978643
Barbados,ARIMA,0.7972575769305406,10.894035888729697
Barbados,Exponential Smoothing,1.737439463058689,24.77130596210821
Barbados,Gradient Boosting (XGB substitute),0.7448097810167484,9.733160148688693
Barbados,Random Forest,0.6096464160377347,7.341433120390062
Belarus,ARIMA,34.75297574826445,10.480103642257472
Belarus,Exponential Smoothing,51.933472504439315,16.04886754838652
Belarus,Gradient Boosting (XGB substitute),20.81903746592799,5.34586404800317
Belarus,Random Forest,19.982669095870232,5.4998145894724955
Belgium,ARIMA,43.04332654805945,5.116564337635833
Belgium,Exponential Smoothing,76.24982881694505,9.797588322102618
Belgium,Gradient Boosting (XGB substitute),51.03540455496819,6.45178782597176
Belgium,Random Forest,48.058234981927406,5.850802013365097
Belize,ARIMA,0.6003425784814581,13.956633091529804
Belize,Exponential Smoothing,0.46221933481100325,11.50517649527027
Belize,Gradient Boosting (XGB substitute),0.5822906483867368,14.351847142820247
Belize,Random Forest,0.6039770162590177,14.262797253237686
Benin,ARIMA,7.406767492829148,20.778839377444935
Benin,Exponential Smoothing,6.522145586695017,18.251685019539522
Benin,Gradient Boosting (XGB substitute),9.5601062232817,27.018289057831428
Benin,Random Forest,9.11314854878723,25.731586328859912
Bermuda,ARIMA,1.118868798384306,36.64636144204138
Bermuda,Exponential Smoothing,0.7405577622253159,21.77321021751257
Bermuda,Gradient Boosting (XGB substitute),0.4990154241695555,14.878020259465629
Bermuda,Random Forest,0.4002609418388561,10.298612146412523
Bhutan,ARIMA,1.0932872979561745,4.548113381357145
Bhutan,Exponential Smoothing,0.8553723427014353,3.57558374866808
Bhutan,Gradient Boosting (XGB substitute),3.1367359943232707,13.758118900466243
Bhutan,Random Forest,2.953233624804992,12.759467982118785
Bolivia,ARIMA,10.60558218013146,8.741739093301447
Bolivia,Exponential Smoothing,11.469249589443297,8.596614277270206
Bolivia,Gradient Boosting (XGB substitute),7.327394028123111,7.119259694713917
Bolivia,Random Forest,11.514924529408482,11.559045562822574
Bosnia and Herzegovina,ARIMA,4.867244394069622,5.845474136144219
Bosnia and Herzegovina,Exponential Smoothing,10.835546969790895,14.06793041424862
Bosnia and Herzegovina,Gradient Boosting (XGB substitute),8.111318219047911,6.954642744281646
Bosnia and Herzegovina,Random Forest,6.154736574076994,5.692180133563411
Botswana,ARIMA,2.2288769487047086,7.497394044880794
Botswana,Exponential Smoothing,2.0089288082330286,6.8411407245647675
Botswana,Gradient Boosting (XGB substitute),4.121814592288525,15.489833937920222
Botswana,Random Forest,4.324361355859233,16.073122017489574
Brazil,ARIMA,442.786811879945,10.279205378070133
Brazil,Exponential Smoothing,259.7479059901542,6.15204451555389
Brazil,Gradient Boosting (XGB substitute),271.6924085915195,6.61274752022528
Brazil,Random Forest,356.9190370116465,9.27614948841714
British Virgin Islands,ARIMA,0.13835113702571256,15.813676651730141
British Virgin Islands,Exponential Smoothing,0.1512073596252473,17.21828257172254
British Virgin Islands,Gradient Boosting (XGB substitute),0.0716435551988939,6.9209154265106
British Virgin Islands,Random Forest,0.07211021729458035,7.030738801884735
Brunei,ARIMA,11.65259709021932,21.0725081092985
Brunei,Exponential Smoothing,5.51228911519319,9.811387083003419
Brunei,Gradient Boosting (XGB substitute),8.43269466227977,14.57150468980782
Brunei,Random Forest,8.57076602713482,14.592435183469425
Bulgaria,ARIMA,14.240210813227003,5.435263526194025
Bulgaria,Exponential Smoothing,14.904256985360696,5.8060806878843465
Bulgaria,Gradient Boosting (XGB substitute),15.108626983094874,5.705236568445656
Bulgaria,Random Forest,15.583275289036761,6.011198136846518
Burkina Faso,ARIMA,3.6828903444137446,18.429339808495648
Burkina Faso,Exponential Smoothing,3.105961700890045,15.834966225164957
Burkina Faso,Gradient Boosting (XGB substitute),6.827290583588347,35.17043961500523
Burkina Faso,Random Forest,7.421358098560069,39.1043823691135
Burundi,ARIMA,1.1208282076823672,27.62329994158445
Burundi,Exponential Smoothing,0.7920004227945715,18.073979681980372
Burundi,Gradient Boosting (XGB substitute),1.3501772010307251,36.587235319003256
Burundi,Random Forest,1.254962819257908,33.161282923301194
CIS (EI),ARIMA,1630.0943295731547,14.192596217561757
CIS (EI),Exponential Smoothing,442.64467299181376,3.7463029025610024
CIS (EI),Gradient Boosting (XGB substitute),387.56115842899186,3.0392950654768134
CIS (EI),Random Forest,330.5666795611411,2.6552058816113178
Cambodia,ARIMA,23.900297739250526,34.1753520049692
Cambodia,Exponential Smoothing,14.932501911284852,20.41510257891857
Cambodia,Gradient Boosting (XGB substitute),26.95805137007256,40.51755858046435
Cambodia,Random Forest,28.061029274590613,43.45347196806066
Cameroon,ARIMA,2.3929383050816626,4.279325744352636
Cameroon,Exponential Smoothing,2.384883241910969,4.25573386819313
Cameroon,Gradient Boosting (XGB substitute),4.598013117773361,10.455232961905965
Cameroon,Random Forest,4.926397337898171,11.196826973387822
Canada,ARIMA,262.8778341388611,4.968685324458477
Canada,Exponential Smoothing,355.3589100083401,6.956769741726497
Canada,Gradient Boosting (XGB substitute),242.74175237061115,5.5584286775148435
Canada,Random Forest,185.60147366677901,4.157282889126196
Cape Verde,ARIMA,0.21316856202613857,4.189549014822579
Cape Verde,Exponential Smoothing,0.615787718923608,13.78463391297643
Cape Verde,Gradient Boosting (XGB substitute),0.34322310729377314,7.175572266958591
Cape Verde,Random Forest,0.3422635619620014,7.178471186193742
Cayman Islands,ARIMA,0.44216880275487,11.423210150434178
Cayman Islands,Exponential Smoothing,0.19041435691155184,5.800334127798442
Cayman Islands,Gradient Boosting (XGB substitute),0.40860090236408525,11.01810444941121
Cayman Islands,Random Forest,0.39093849435574385,9.848308924904432
Central & South America (EIA),ARIMA,1241.7499153647288,12.12500927068812
Central & South America (EIA),Exponential Smoothing,1364.7741803912256,13.522557599580118
Central & South America (EIA),Gradient Boosting (XGB substitute),296.9359515447738,2.533335775109325
Central & South America (EIA),Random Forest,336.924172127889,3.7432138455818746
Central African Republic,ARIMA,0.20649935181966242,14.738317044736307
Central African Republic,Exponential Smoothing,0.16038921820468263,9.81962089646302
Central African Republic,Gradient Boosting (XGB substitute),0.23197728633340134,14.330042001045404
Central African Republic,Random Forest,0.19423363582659842,12.540851827597422
Central America (EI),ARIMA,41.60203274683828,9.013003033630975
Central America (EI),Exponential Smoothing,36.734549133611395,7.868793133002584
Central America (EI),Gradient Boosting (XGB substitute),85.82275661886924,19.782343253079695
Central America (EI),Random Forest,90.76702228819165,21.227704431557523
Chad,ARIMA,2.059743609727132,24.84373016659299
Chad,Exponential Smoothing,2.1242459544552856,33.33862464520394
Chad,Gradient Boosting (XGB substitute),2.2191259526952347,27.499157113344342
Chad,Random Forest,2.808739603707198,40.803195059274195
Chile,ARIMA,31.282888219976893,5.408071543941615
Chile,Exponential Smoothing,17.933078446588553,3.2985315643431594
Chile,Gradient Boosting (XGB substitute),99.97688998005619,20.08949198898744
Chile,Random Forest,92.00379918808247,18.454181697431284
China,ARIMA,4184.712488489579,10.070523456705194
China,Exponential Smoothing,8270.448908460361,18.637344798262145
China,Gradient Boosting (XGB substitute),8652.492798877456,17.884659281581108
China,Random Forest,9722.27555948952,21.120153778641004
Colombia,ARIMA,62.83958414973147,9.02850457153024
Colombia,Exponential Smoothing,56.31309738256676,8.776095032378967
Colombia,Gradient Boosting (XGB substitute),108.5253336448478,17.41247346390457
Colombia,Random Forest,120.51060935083035,19.866977916463245
Comoros,ARIMA,0.46409777041362593,33.214566939374095
Comoros,Exponential Smoothing,0.38156665924248456,26.51175523349563
Comoros,Gradient Boosting (XGB substitute),0.621429698145747,49.87674964075561
Comoros,Random Forest,0.5519046183193451,42.6169696278236
Congo,ARIMA,13.430022084251055,65.12959034633697
Congo,Exponential Smoothing,18.877054267678968,91.27178490751378
Congo,Gradient Boosting (XGB substitute),6.415670762395005,32.3868035699962
Congo,Random Forest,6.3330293830667115,30.990104460239397
Cook Islands,ARIMA,0.0873410593059736,17.649199362094343
Cook Islands,Exponential Smoothing,0.01930780641345343,3.5723501555742656
Cook Islands,Gradient Boosting (XGB substitute),0.09163418578281188,18.320310815987195
Cook Islands,Random Forest,0.09509055058790476,19.154001870120275
Costa Rica,ARIMA,3.625227601367298,4.451157296322767
Costa Rica,Exponential Smoothing,2.8827290532955976,3.5741470934077153
Costa Rica,Gradient Boosting (XGB substitute),7.603624197518165,11.010873857191045
Costa Rica,Random Forest,7.3937205937318184,10.636165153234705
Cote d'Ivoire,ARIMA,14.05832315167543,22.098360170314972
Cote d'Ivoire,Exponential Smoothing,11.860710158733928,19.324340834335953
Cote d'Ivoire,Gradient Boosting (XGB substitute),16.606057097399773,27.640952033131384
Cote d'Ivoire,Random Forest,18.14188111146213,30.418883131117404
Croatia,ARIMA,3.4075892790606646,3.13383341425765
Croatia,Exponential Smoothing,4.00057593238199,3.108700208924242
Croatia,Gradient Boosting (XGB substitute),5.369537806237367,4.428310804955822
Croatia,Random Forest,4.789799692134865,4.248488833410467
Cuba,ARIMA,17.919412975337604,13.926414567737927
Cuba,Exponential Smoothing,20.063171315714268,16.18320979425273
Cuba,Gradient Boosting (XGB substitute),8.384958156028162,5.4454005309077465
Cuba,Random Forest,8.294292718493105,4.457620588911397
Cyprus,ARIMA,4.226093541961684,13.032145418608987
Cyprus,Exponential Smoothing,7.561818892165341,23.703449471295624
Cyprus,Gradient Boosting (XGB substitute),3.9628211514772946,11.247915783169955
Cyprus,Random Forest,3.509242103460662,9.735912411136118
Czechia,ARIMA,29.594990978810955,4.825427286419962
Czechia,Exponential Smoothing,15.461038901446807,2.686225321289849
Czechia,Gradient Boosting (XGB substitute),20.925080742832623,3.5275320669806787
Czechia,Random Forest,23.609257886514946,3.8771944146900252
Czechoslovakia,ARIMA,90.53174352926082,7.175198310616369
Czechoslovakia,Exponential Smoothing,119.68205530818223,10.1466966767056
Czechoslovakia,Gradient Boosting (XGB substitute),78.45024382695351,5.931671107357895
Czechoslovakia,Random Forest,77.41092685045959,6.102121249508752
Democratic Republic of Congo,ARIMA,6.929236757594702,14.7420908477298
Democratic Republic of Congo,Exponential Smoothing,6.5582680354499105,13.179768883568025
Democratic Republic of Congo,Gradient Boosting (XGB substitute),10.566908766944039,24.75182497439806
Democratic Republic of Congo,Random Forest,9.673695297366576,22.30335537194516
Denmark,ARIMA,30.06201673496322,14.514755716080794
Denmark,Exponential Smoothing,34.10408403509186,16.465717577587426
Denmark,Gradient Boosting (XGB substitute),15.21676557100783,6.510084543521057
Denmark,Random Forest,18.041946396809223,8.327220171501864
Djibouti,ARIMA,0.4198049744668058,11.366539321157692
Djibouti,Exponential Smoothing,0.2988040311034359,6.177194519175666
Djibouti,Gradient Boosting (XGB substitute),0.8704491591687914,15.4229082452021
Djibouti,Random Forest,0.34227432589289125,7.781638846779115
Dominica,ARIMA,0.044625208449090056,4.545782131184423
Dominica,Exponential Smoothing,0.11262616496585878,11.606624354576747
Dominica,Gradient Boosting (XGB substitute),0.042564964543521266,4.281752751803788
Dominica,Random Forest,0.039867299418986424,3.968637865602423
Dominican Republic,ARIMA,11.38211877936896,8.876790071693826
Dominican Republic,Exponential Smoothing,6.9202339568261655,6.002480627969791
Dominican Republic,Gradient Boosting (XGB substitute),24.64256213151945,20.26248377613197
Dominican Republic,Random Forest,21.592291149276743,17.58278472940462
East Timor,ARIMA,0.24375941299915813,10.091033219113948
East Timor,Exponential Smoothing,0.47587045857440063,20.156942869997273
East Timor,Gradient Boosting (XGB substitute),0.03985598979407933,1.506832370061816
East Timor,Random Forest,0.048404139974455807,1.9669709479426378
Eastern Africa (EI),ARIMA,64.76514953605371,9.547340452125376
Eastern Africa (EI),Exponential Smoothing,33.397769573850674,4.7161300786853575
Eastern Africa (EI),Gradient Boosting (XGB substitute),166.21538962964337,24.25026980856623
Eastern Africa (EI),Random Forest,182.64643267032528,27.156711618552137
Ecuador,ARIMA,15.51582059132731,6.93502735373819
Ecuador,Exponential Smoothing,15.407005620511997,6.808836094214049
Ecuador,Gradient Boosting (XGB substitute),38.366310723348406,16.43597217998533
Ecuador,Random Forest,44.898976505776744,20.11194900405172
Egypt,ARIMA,173.98914558785995,14.379598600404528
Egypt,Exponential Smoothing,197.409945002804,16.15450626912597
Egypt,Gradient Boosting (XGB substitute),101.57032579203883,8.392994979352075
Egypt,Random Forest,123.87765646535603,10.81306149785149
El Salvador,ARIMA,2.7939952833557213,4.699261254099667
El Salvador,Exponential Smoothing,1.7489570380531032,3.872375243449402
El Salvador,Gradient Boosting (XGB substitute),5.454198054581884,9.896446812571075
El Salvador,Random Forest,4.922585717731379,8.901777672313454
Equatorial Guinea,ARIMA,6.554486730895205,22.401248159851647
Equatorial Guinea,Exponential Smoothing,13.355831752401517,48.3894056443406
Equatorial Guinea,Gradient Boosting (XGB substitute),5.600067771709759,19.152957936721503
Equatorial Guinea,Random Forest,5.3577272227297685,17.906458007459417
Eritrea,ARIMA,0.7323496445472127,21.42164931708862
Eritrea,Exponential Smoothing,1.0185489773292686,29.13085623065612
Eritrea,Gradient Boosting (XGB substitute),0.4296051121125676,11.124856957917526
Eritrea,Random Forest,0.30145238362400284,8.39180071680709
Estonia,ARIMA,8.594510783102033,12.269998625418085
Estonia,Exponential Smoothing,7.435668601464219,7.4055667954300715
Estonia,Gradient Boosting (XGB substitute),6.6145132302288845,9.344769179841292
Estonia,Random Forest,6.687636680842903,9.444279446530999
Eswatini,ARIMA,0.7153981876159254,8.703379948482622
Eswatini,Exponential Smoothing,0.3196722741652884,4.372019408374527
Eswatini,Gradient Boosting (XGB substitute),0.5618064654040799,7.888169949387487
Eswatini,Random Forest,0.5798151012570129,7.999334991308543
Ethiopia,ARIMA,19.620252438485927,20.006792928195566
Ethiopia,Exponential Smoothing,15.844297777228952,16.436002162001255
Ethiopia,Gradient Boosting (XGB substitute),36.94641178698367,37.106927023600385
Ethiopia,Random Forest,39.6098052924733,40.56489678437962
Eurasia (EIA),ARIMA,1554.0998476499717,11.23384598542642
Eurasia (EIA),Exponential Smoothing,2039.3953556893784,14.452904927770666
Eurasia (EIA),Gradient Boosting (XGB substitute),1083.7356930586616,6.632329410077749
Eurasia (EIA),Random Forest,735.0632957727604,4.568593909890621
Europe,ARIMA,2129.771337552485,6.287787507509833
Europe,Exponential Smoothing,805.8748223437717,2.0809475381769014
Europe,Gradient Boosting (XGB substitute),1370.0727548337788,3.928737428935004
Europe,Random Forest,1255.939749074765,3.611057565962178
Europe (EI),ARIMA,1338.0508563858878,4.6689371708465055
Europe (EI),Exponential Smoothing,1413.061309309048,4.985529598912616
Europe (EI),Gradient Boosting (XGB substitute),963.6772969172569,3.2372234535679905
Europe (EI),Random Forest,885.5251807262467,2.894445834942876
Europe (EIA),ARIMA,839.2737043214811,2.574355281458046
Europe (EIA),Exponential Smoothing,630.6232020402385,2.1322358738034843
Europe (EIA),Gradient Boosting (XGB substitute),1191.9950043002584,3.351750949419558
Europe (EIA),Random Forest,961.488840545043,2.7232502744240223
European Union (27),ARIMA,682.9726885219062,3.116834760007292
European Union (27),Exponential Smoothing,474.9606529276871,2.2610929762195187
European Union (27),Gradient Boosting (XGB substitute),674.3012775361971,3.263034121866791
European Union (27),Random Forest,603.6115481981487,2.9066399070997377
Falkland Islands,ARIMA,0.010973797455206455,4.801883869172296
Falkland Islands,Exponential Smoothing,0.03201387219763478,13.870345359235733
Falkland Islands,Gradient Boosting (XGB substitute),0.010431897845792428,4.141500306803256
Falkland Islands,Random Forest,0.010420346490767854,4.112721415159812
Faroe Islands,ARIMA,0.5105366904382085,11.725344732793904
Faroe Islands,Exponential Smoothing,0.18277163361051202,4.483350973525833
Faroe Islands,Gradient Boosting (XGB substitute),0.4306880670461184,10.333345589542029
Faroe Islands,Random Forest,0.35429094568074165,8.922665818454055
Fiji,ARIMA,1.2053360883883262,12.741172507698609
Fiji,Exponential Smoothing,0.8934714278984591,9.351104215382223
Fiji,Gradient Boosting (XGB substitute),0.951290065461284,9.720672690215041
Fiji,Random Forest,0.5773708037707737,6.317627051826408
Finland,ARIMA,23.58263257529986,5.7855687603330175
Finland,Exponential Smoothing,10.182759250405832,2.545820197765673
Finland,Gradient Boosting (XGB substitute),20.63847669957487,5.427366208426742
Finland,Random Forest,17.30673644997023,4.724735626885123
France,ARIMA,169.76167996292014,4.4717519659431
France,Exponential Smoothing,169.6111869917302,4.511053432186674
France,Gradient Boosting (XGB substitute),183.3875312854439,5.532269626287392
France,Random Forest,193.40405938438568,6.079606305996393
French Guiana,ARIMA,1.7026619736417072,16102650617.481115
French Guiana,Exponential Smoothing,5.334009921004335,53273923287.16757
French Guiana,Gradient Boosting (XGB substitute),1.721796436454261,16978647303.21864
French Guiana,Random Forest,1.753642968404154,17445907407.407402
French Polynesia,ARIMA,0.24430748751575257,4.71333662807087
French Polynesia,Exponential Smoothing,0.7344175071076089,13.536589401300233
French Polynesia,Gradient Boosting (XGB substitute),0.21626316439081256,4.177689798434786
French Polynesia,Random Forest,0.18372716926779312,3.60793295474006
Gabon,ARIMA,1.6097556890158011,6.223981426260423
Gabon,Exponential Smoothing,2.419451837557347,9.96207308113201
Gabon,Gradient Boosting (XGB substitute),1.4242154540148795,6.1106297074307525
Gabon,Random Forest,2.122200405828792,9.529707915882813
Gambia,ARIMA,0.07724671442490409,3.020139838217625
Gambia,Exponential Smoothing,0.08829673428374026,3.4942630195620863
Gambia,Gradient Boosting (XGB substitute),0.2924036304412842,11.50745048342365
Gambia,Random Forest,0.2935187693180342,11.507391981732942
Georgia,ARIMA,4.063009829661908,4.490864517674393
Georgia,Exponential Smoothing,9.376297570809449,10.624812168187308
Georgia,Gradient Boosting (XGB substitute),5.931960267977581,7.221495816752705
Georgia,Random Forest,8.263702704263109,10.636283459247315
Germany,ARIMA,213.4180160440813,4.624398996946813
Germany,Exponential Smoothing,182.32418256994677,4.289265707025381
Germany,Gradient Boosting (XGB substitute),221.02655119632524,4.5440544769279345
Germany,Random Forest,242.17736395111328,4.952779387704518
Ghana,ARIMA,20.47085800375182,16.953038935775144
Ghana,Exponential Smoothing,17.076068409527707,13.251206210497307
Ghana,Gradient Boosting (XGB substitute),24.84201072752245,20.61708729855172
Ghana,Random Forest,26.96472437159016,23.464765272275738
Greece,ARIMA,35.78462846237591,10.857879436730817
Greece,Exponential Smoothing,24.25333482399799,6.990612451904678
Greece,Gradient Boosting (XGB substitute),36.81151047263227,9.774225275130231
Greece,Random Forest,36.81598209024069,9.889240644913176
Greenland,ARIMA,0.48783080922835453,12.35069912914689
Greenland,Exponential Smoothing,1.181482750176021,31.93001601625398
Greenland,Gradient Boosting (XGB substitute),0.6083949170119506,16.373171029277593
Greenland,Random Forest,0.4117250789193173,11.282320616855975
Grenada,ARIMA,0.08748849053877925,6.133848579065474
Grenada,Exponential Smoothing,0.1944595010008122,13.818715555020974
Grenada,Gradient Boosting (XGB substitute),0.09509081899576223,6.51469451004823
Grenada,Random Forest,0.10008671218276305,6.444775877183215
Guadeloupe,ARIMA,5.782252502754881,53570541900.55918
Guadeloupe,Exponential Smoothing,3.303696836073946,28561558397.36126
Guadeloupe,Gradient Boosting (XGB substitute),4.960927766815015,46897725043.08602
Guadeloupe,Random Forest,4.981453621100997,47405207407.4074
Guam,ARIMA,2.8493405814183324,34.14324282603685
Guam,Exponential Smoothing,1.2836894637409122,16.207005948922358
Guam,Gradient Boosting (XGB substitute),3.382177583953242,40.709178568691726
Guam,Random Forest,2.9207572266379884,36.6229491710713
Guatemala,ARIMA,24.59729513312202,24.112706331783063
Guatemala,Exponential Smoothing,22.534363685514304,22.1877653194514
Guatemala,Gradient Boosting (XGB substitute),31.016513694345846,30.63531148526338
Guatemala,Random Forest,30.42299725358705,30.056144780056254
Guinea,ARIMA,1.2941102779688365,7.957636458800205
Guinea,Exponential Smoothing,1.9401849214312308,11.45185485785411
Guinea,Gradient Boosting (XGB substitute),3.2956591881742865,18.7963498601469
Guinea,Random Forest,3.273304120692405,18.62283984289862
Guinea-Bissau,ARIMA,0.15674830436717263,7.410242859718494
Guinea-Bissau,Exponential Smoothing,0.26086028424579155,15.132933516779318
Guinea-Bissau,Gradient Boosting (XGB substitute),0.12091834595098047,6.683139380864957
Guinea-Bissau,Random Forest,0.1319222694613493,7.030295937381485
Guyana,ARIMA,2.1824341842214237,16.35769720522241
Guyana,Exponential Smoothing,1.1992175029773466,9.262215221769523
Guyana,Gradient Boosting (XGB substitute),1.6819421231752112,12.238716445676143
Guyana,Random Forest,2.2474424902022863,19.068764746956678
Haiti,ARIMA,2.625827103162319,16.97913762816675
Haiti,Exponential Smoothing,1.968057206271242,12.471199641330537
Haiti,Gradient Boosting (XGB substitute),3.880017115787437,26.984432404850473
Haiti,Random Forest,3.47594083340515,23.99332536304606
High-income countries,ARIMA,2960.795577814802,2.8562957267659823
High-income countries,Exponential Smoothing,3378.919311657471,3.3339161253168803
High-income countries,Gradient Boosting (XGB substitute),1934.9003187029243,2.0673516645958068
High-income countries,Random Forest,1701.3892189995624,1.9605872284700743
Honduras,ARIMA,4.58916473220244,6.758058718749778
Honduras,Exponential Smoothing,6.316741663983336,10.10987817259627
Honduras,Gradient Boosting (XGB substitute),11.647265804588098,20.198892003874093
Honduras,Random Forest,12.735546028566102,22.53913578815633
Hong Kong,ARIMA,93.85738158324183,26.69196083828998
Hong Kong,Exponential Smoothing,108.04512751010122,31.425221562923717
Hong Kong,Gradient Boosting (XGB substitute),39.82721075347811,11.224354230430853
Hong Kong,Random Forest,38.292399894975816,10.694162813420403
Hungary,ARIMA,18.777389619744987,5.90291334750642
Hungary,Exponential Smoothing,34.90800707221539,11.39397215004737
Hungary,Gradient Boosting (XGB substitute),26.056072125853383,9.250969449684058
Hungary,Random Forest,24.073965414528374,8.260727007795282
Iceland,ARIMA,3.947623300787866,5.523487200691548
Iceland,Exponential Smoothing,8.916766096504482,11.421226141445677
Iceland,Gradient Boosting (XGB substitute),5.709940711369715,7.954672198390587
Iceland,Random Forest,5.8084205450039414,8.140594387787738
India,ARIMA,368.4201661085694,3.1501653144428827
India,Exponential Smoothing,252.01653773156195,2.0169293813775133
India,Gradient Boosting (XGB substitute),2385.1308904682596,22.92534207018601
India,Random Forest,2555.3498585861767,25.159503338873684
Indonesia,ARIMA,214.69635603558996,9.404744648298497
Indonesia,Exponential Smoothing,230.69103622317832,10.003107733976286
Indonesia,Gradient Boosting (XGB substitute),451.43549875565384,12.668893655403243
Indonesia,Random Forest,494.3658909930077,15.307165734862052
Iran,ARIMA,82.50560623549589,2.0833458416260857
Iran,Exponential Smoothing,73.91072428243679,2.2187728640387094
Iran,Gradient Boosting (XGB substitute),618.5436821346491,16.311234374124897
Iran,Random Forest,660.4893677874094,17.921711480575343
Iraq,ARIMA,201.19216143478675,31.04567268395299
Iraq,Exponential Smoothing,124.13196079913237,18.14065297153156
Iraq,Gradient Boosting (XGB substitute),238.52289538800926,39.109095211506244
Iraq,Random Forest,232.01148414493701,37.0005270215374
Ireland,ARIMA,18.18028555966962,8.556389264939142
Ireland,Exponential Smoothing,9.227291476855108,4.178108359202631
Ireland,Gradient Boosting (XGB substitute),11.367625967134078,5.370817616132321
Ireland,Random Forest,9.075996046253318,4.118308078237902
Israel,ARIMA,9.341684240365405,2.8903245287209467
Israel,Exponential Smoothing,18.2945302536764,5.943199332946691
Israel,Gradient Boosting (XGB substitute),24.75918268744757,7.190579379019653
Israel,Random Forest,26.226293268555153,7.671593913192128
Italy,ARIMA,212.70363886677686,11.213163656011904
Italy,Exponential Smoothing,79.04218721526149,3.4017323337435026
Italy,Gradient Boosting (XGB substitute),122.22341037502038,5.777958217908402
Italy,Random Forest,115.2115101133501,5.124266432470997
Jamaica,ARIMA,7.958018439790071,20.287322203748193
Jamaica,Exponential Smoothing,14.423525295258164,36.099112806133064
Jamaica,Gradient Boosting (XGB substitute),4.938212731747233,8.323788489607173
Jamaica,Random Forest,3.9924739072166857,7.004541507298463
Japan,ARIMA,377.8580796928405,6.5163598626638075
Japan,Exponential Smoothing,336.7854988013503,5.501020399311543
Japan,Gradient Boosting (XGB substitute),360.57556143829174,6.44937870511252
Japan,Random Forest,399.9383963380401,7.333562360399698
Jordan,ARIMA,7.7345990555712305,5.971410995709617
Jordan,Exponential Smoothing,8.53844871363854,6.43572343115868
Jordan,Gradient Boosting (XGB substitute),13.991978637902612,9.956793109673937
Jordan,Random Forest,16.673538563541772,12.731845293245177
Kazakhstan,ARIMA,362.7362067820088,42.711358118484654
Kazakhstan,Exponential Smoothing,418.647602598931,48.83585308322262
Kazakhstan,Gradient Boosting (XGB substitute),88.93614162501703,10.672758580877703
Kazakhstan,Random Forest,69.33180544815184,7.269779112527211
Kenya,ARIMA,18.1705090627729,17.170935369291247
Kenya,Exponential Smoothing,8.976717194492256,8.063625223595977
Kenya,Gradient Boosting (XGB substitute),25.702279710281935,24.31053184910167
Kenya,Random Forest,26.347069756163734,25.085030645998852
Kiribati,ARIMA,0.07089023992331979,20.563162106349125
Kiribati,Exponential Smoothing,0.13333546180287426,38.702738649544585
Kiribati,Gradient Boosting (XGB substitute),0.03291411947950264,9.454258877732448
Kiribati,Random Forest,0.033532159614242545,9.582931108047202
Kosovo,ARIMA,1.2479795856607845,3.418410074007678
Kosovo,Exponential Smoothing,1.0702570447636208,2.963560010918936
Kosovo,Gradient Boosting (XGB substitute),0.9589533229454653,3.319720691261686
Kosovo,Random Forest,1.0906937839105153,3.767122543804214
Kuwait,ARIMA,27.385263496594444,5.744324503447038
Kuwait,Exponential Smoothing,51.94530363414704,9.023039341621086
Kuwait,Gradient Boosting (XGB substitute),38.9327035652842,7.838660137344163
Kuwait,Random Forest,48.72161318365943,10.364114252915819
Kyrgyzstan,ARIMA,4.345153724884586,5.026005251678021
Kyrgyzstan,Exponential Smoothing,4.985481780673045,6.088293084498894
Kyrgyzstan,Gradient Boosting (XGB substitute),7.119561195142868,9.38633635377021
Kyrgyzstan,Random Forest,5.904236624745838,8.316488322834772
Laos,ARIMA,65.38627824158307,46.75039511545551
Laos,Exponential Smoothing,51.104392479742195,35.32249394490647
Laos,Gradient Boosting (XGB substitute),75.12101711468625,54.44115304111057
Laos,Random Forest,77.03507487067266,56.92446046643504
Latvia,ARIMA,3.6773780020319715,6.525323450132054
Latvia,Exponential Smoothing,4.365784592087841,8.524304456302682
Latvia,Gradient Boosting (XGB substitute),3.5626807130755194,6.075753582564469
Latvia,Random Forest,3.2330947894236983,5.581525822360929
Lebanon,ARIMA,14.626612448826862,12.276985108517819
Lebanon,Exponential Smoothing,5.812666378001586,4.239997786178182
Lebanon,Gradient Boosting (XGB substitute),14.37976987509026,12.105036329464799
Lebanon,Random Forest,19.488506906671937,17.48788144623247
Lesotho,ARIMA,0.680931241119649,11.666730506161421
Lesotho,Exponential Smoothing,0.17676226132299686,2.755597814624537
Lesotho,Gradient Boosting (XGB substitute),0.4824084095806314,8.489028041617392
Lesotho,Random Forest,0.5351042744395228,9.758905249717206
Liberia,ARIMA,0.4743450129554279,7.093574680883647
Liberia,Exponential Smoothing,0.42810826842713545,7.558102382272956
Liberia,Gradient Boosting (XGB substitute),2.578464774039108,46.15730349466916
Liberia,Random Forest,2.048965205680692,37.62746494993103
Libya,ARIMA,33.66478877017456,15.113918174525033
Libya,Exponential Smoothing,66.37269342602906,31.77543025883358
Libya,Gradient Boosting (XGB substitute),28.196770471134105,12.38411023600851
Libya,Random Forest,24.20336272590298,10.080707637456324
Lithuania,ARIMA,8.156832225595872,11.21441436610028
Lithuania,Exponential Smoothing,23.562670182937154,31.993348763676586
Lithuania,Gradient Boosting (XGB substitute),6.3674624893128975,8.574679444278575
Lithuania,Random Forest,5.121637521242877,6.782458985841573
Low-income countries,ARIMA,28.49073466497051,2.7504681285151227
Low-income countries,Exponential Smoothing,99.87206250857096,11.419824450282103
Low-income countries,Gradient Boosting (XGB substitute),79.52012547629643,8.801912221975645
Low-income countries,Random Forest,76.5744243469861,8.51486040048184
Lower-middle-income countries,ARIMA,1335.0303332945437,5.77706564957664
Lower-middle-income countries,Exponential Smoothing,1038.4147896976976,4.418628743363068
Lower-middle-income countries,Gradient Boosting (XGB substitute),3801.172991971737,17.44036228470274
Lower-middle-income countries,Random Forest,4126.298243235762,19.495831645388872
Luxembourg,ARIMA,6.1113320068086,12.719174376614342
Luxembourg,Exponential Smoothing,7.254662374447665,15.29048399294019
Luxembourg,Gradient Boosting (XGB substitute),4.481015914045495,8.688383320513948
Luxembourg,Random Forest,4.601537236733013,9.249181488260383
Macao,ARIMA,2.3827653625908316,14.10745840697313
Macao,Exponential Smoothing,2.1607806147516437,12.600602967479979
Macao,Gradient Boosting (XGB substitute),4.573450679092325,30.082089703810283
Macao,Random Forest,4.214480943994058,27.15652787340567
Madagascar,ARIMA,3.4134473293269125,19.14095048513933
Madagascar,Exponential Smoothing,2.789778888797901,15.847195924733395
Madagascar,Gradient Boosting (XGB substitute),3.358480231172017,17.689180956390675
Madagascar,Random Forest,3.773643815117952,20.353534340048537
Malawi,ARIMA,0.884161607654843,6.38573821010828
Malawi,Exponential Smoothing,0.8927251863389206,6.518939397795137
Malawi,Gradient Boosting (XGB substitute),0.48058186639340456,4.118554338830663
Malawi,Random Forest,0.5444541223912954,4.763849957945346
Malaysia,ARIMA,107.5227769199626,8.656655086116753
Malaysia,Exponential Smoothing,91.61634321842799,7.407545379738671
Malaysia,Gradient Boosting (XGB substitute),256.4907200599067,19.846990971425356
Malaysia,Random Forest,268.8449393187692,20.919711182978496
Maldives,ARIMA,0.8284295014676851,7.478638833661461
Maldives,Exponential Smoothing,1.0393657543838968,8.132269291484457
Maldives,Gradient Boosting (XGB substitute),2.076069206078131,20.6751754035647
Maldives,Random Forest,2.5723519705946725,27.817343700196556
Mali,ARIMA,4.955107809086655,17.813347378085904
Mali,Exponential Smoothing,2.78228112032182,9.62605483699081
Mali,Gradient Boosting (XGB substitute),8.799577153330413,32.98284109733035
Mali,Random Forest,9.264873031647276,35.55582348040913
Malta,ARIMA,7.643880961334964,18.27703574356398
Malta,Exponential Smoothing,4.737330763172028,11.371559661390435
Malta,Gradient Boosting (XGB substitute),8.10101477412558,18.321390275856025
Malta,Random Forest,8.057078792295695,18.27339649420307
Martinique,ARIMA,4.12671482455828,2193173418.1462417
Martinique,Exponential Smoothing,8.78191503911038,23502553755.50791
Martinique,Gradient Boosting (XGB substitute),4.883609130582481,34390498361.845726
Martinique,Random Forest,4.424684298872091,30864688900.554688
Mauritania,ARIMA,5.139457046168456,24.587885346647333
Mauritania,Exponential Smoothing,3.9691586525551044,19.451492866895304
Mauritania,Gradient Boosting (XGB substitute),7.132435526106091,33.021358269565425
Mauritania,Random Forest,5.698950909472318,27.19453192144863
Mauritius,ARIMA,2.1494025855388705,5.403641924923757
Mauritius,Exponential Smoothing,1.9754285343439735,5.292516532801604
Mauritius,Gradient Boosting (XGB substitute),4.375544879539892,13.734289954558273
Mauritius,Random Forest,4.58989564597428,14.739231527181154
Mexico,ARIMA,298.80838828308316,11.50402691355234
Mexico,Exponential Smoothing,304.7692741873705,11.746328770471946
Mexico,Gradient Boosting (XGB substitute),92.10875341207145,2.9625008604847767
Mexico,Random Forest,95.6568231475656,3.664590479967681
Micronesia (country),ARIMA,0.12037254612603533,15.594228087057582
Micronesia (country),Exponential Smoothing,0.044356642624326,5.687861841479396
Micronesia (country),Gradient Boosting (XGB substitute),0.1874505076244632,25.339404132949017
Micronesia (country),Random Forest,0.1970621419912341,26.68677275380698
Middle Africa (EI),ARIMA,15.331166424077004,4.25855089257241
Middle Africa (EI),Exponential Smoothing,26.19296369643217,8.054646943221481
Middle Africa (EI),Gradient Boosting (XGB substitute),75.74171626021618,25.816862586294555
Middle Africa (EI),Random Forest,82.14036557686515,28.331955118481204
Middle East (EI),ARIMA,980.3501234861754,7.516562222607772
Middle East (EI),Exponential Smoothing,1065.7862744105335,8.084491552048355
Middle East (EI),Gradient Boosting (XGB substitute),1686.9811103293343,15.033511404067266
Middle East (EI),Random Forest,1886.4290502479664,17.193684790328266
Middle East (EIA),ARIMA,1396.9284436074593,9.948462934889408
Middle East (EIA),Exponential Smoothing,1599.7326327847936,11.691326251543261
Middle East (EIA),Gradient Boosting (XGB substitute),1048.9682925685463,8.36564508927898
Middle East (EIA),Random Forest,1231.1264422094096,10.263335733592294
Moldova,ARIMA,4.261455998691833,5.8359434613129055
Moldova,Exponential Smoothing,8.825508879103507,16.354677874605596
Moldova,Gradient Boosting (XGB substitute),6.271701622792009,12.668646597022374
Moldova,Random Forest,6.262866565052022,12.35838757626863
Mongolia,ARIMA,11.972035792895877,13.192997764836612
Mongolia,Exponential Smoothing,4.55578086820533,5.120940108039592
Mongolia,Gradient Boosting (XGB substitute),9.365327001324246,11.308318026487912
Mongolia,Random Forest,9.277556787674753,9.948670573878312
Montenegro,ARIMA,1.070584068122484,7.119267864973489
Montenegro,Exponential Smoothing,0.6861608127096857,4.610404699728422
Montenegro,Gradient Boosting (XGB substitute),1.4618411341762816,9.937168135068513
Montenegro,Random Forest,1.7292238753781486,11.983203902358179
Montserrat,ARIMA,0.05671512503326521,38.29975751286733
Montserrat,Exponential Smoothing,0.08412356748547581,55.647322695286775
Montserrat,Gradient Boosting (XGB substitute),0.030977902353317578,16.78042069506611
Montserrat,Random Forest,0.034630919442634515,21.0624579293293
Morocco,ARIMA,16.623475850568845,5.878237389188999
Morocco,Exponential Smoothing,19.210907697698104,6.776814268554824
Morocco,Gradient Boosting (XGB substitute),41.28779913649819,13.746489852220991
Morocco,Random Forest,48.418880699954855,17.21854466271321
Mozambique,ARIMA,8.313608482238982,9.828621219249746
Mozambique,Exponential Smoothing,14.054215097053511,15.600566527984618
Mozambique,Gradient Boosting (XGB substitute),11.91409043591151,12.84738318118418
Mozambique,Random Forest,15.139502816788358,17.627056380346172
Myanmar,ARIMA,44.37799191578172,22.924144764077464
Myanmar,Exponential Smoothing,50.980705589425156,29.663590417218327
Myanmar,Gradient Boosting (XGB substitute),77.57939763172364,47.43709920349104
Myanmar,Random Forest,77.07580994998878,47.05699876839719
Namibia,ARIMA,0.9367438730855896,3.4399691500523626
Namibia,Exponential Smoothing,2.202294933212432,7.149553156039978
Namibia,Gradient Boosting (XGB substitute),1.0840616937641627,4.237860578243232
Namibia,Random Forest,1.709452319993242,7.162693877820237
Nauru,ARIMA,0.04883308702481563,11.65861303429078
Nauru,Exponential Smoothing,0.11207161082098324,35.25451635660153
Nauru,Gradient Boosting (XGB substitute),0.0655234557649775,17.89215727962998
Nauru,Random Forest,0.062273129353728286,16.61347607474688
Nepal,ARIMA,11.852270578804355,21.867320781921162
Nepal,Exponential Smoothing,9.595931016025974,17.95355518648119
Nepal,Gradient Boosting (XGB substitute),17.064098180325157,31.137791261132424
Nepal,Random Forest,17.79849765639818,33.395248090279104
Netherlands,ARIMA,86.30992258265384,7.751015265176582
Netherlands,Exponential Smoothing,209.47466302358697,18.96715500195437
Netherlands,Gradient Boosting (XGB substitute),59.75883246068768,4.525485421567948
Netherlands,Random Forest,52.71577467429313,4.062494483775256
Netherlands Antilles,ARIMA,10.230460605109684,16.65017373847019
Netherlands Antilles,Exponential Smoothing,7.68095292629218,12.459061098395905
Netherlands Antilles,Gradient Boosting (XGB substitute),4.0485210641373195,4.863343442982358
Netherlands Antilles,Random Forest,3.377959288305828,3.748766350829466
New Caledonia,ARIMA,3.2739292591595803,14.472235239443837
New Caledonia,Exponential Smoothing,2.584623506636706,10.90552645079475
New Caledonia,Gradient Boosting (XGB substitute),5.263517966096659,23.79648587683597
New Caledonia,Random Forest,5.566784311220972,25.377005577550722
New Zealand,ARIMA,11.988789581760932,4.341462878827036
New Zealand,Exponential Smoothing,12.715621908488961,4.601061428423706
New Zealand,Gradient Boosting (XGB substitute),15.96454360978961,4.941268399215047
New Zealand,Random Forest,17.878512712517043,5.741628607136482
Nicaragua,ARIMA,2.8393841587075848,9.642542962516401
Nicaragua,Exponential Smoothing,2.250152200843975,7.3559549217116995
Nicaragua,Gradient Boosting (XGB substitute),4.945871546161976,16.803044141498297
Nicaragua,Random Forest,5.181493174795684,17.692171853523135
Niger,ARIMA,5.639436352589563,46.96588753309353
Niger,Exponential Smoothing,5.39972818199371,44.95987798198623
Niger,Gradient Boosting (XGB substitute),1.1454996549431662,9.970141689528045
Niger,Random Forest,2.0491095680915574,19.29061181435617
Nigeria,ARIMA,137.67345147554127,27.606234981775923
Nigeria,Exponential Smoothing,148.26502845293567,30.206831324396056
Nigeria,Gradient Boosting (XGB substitute),167.22425745965774,33.64896512974023
Nigeria,Random Forest,193.89082283148372,39.374962631468854
Niue,ARIMA,0.004561524416908775,14.054942522511404
Niue,Exponential Smoothing,0.0020834508300673015,5.961024477753384
Niue,Gradient Boosting (XGB substitute),0.004745050814700413,14.609336171693258
Niue,Random Forest,0.0046791130319145755,14.409041252969907
Non-OECD (EI),ARIMA,4239.24976122095,2.8230650972568343
Non-OECD (EI),Exponential Smoothing,13061.76580663259,12.058994872012114
Non-OECD (EI),Gradient Boosting (XGB substitute),15912.821043177786,14.214060144346439
Non-OECD (EI),Random Forest,17901.015397707484,16.638577708769667
Non-OECD (EIA),ARIMA,1573.5789044721428,1.0821374410473021
Non-OECD (EIA),Exponential Smoothing,15235.473845973618,13.239574561006364
Non-OECD (EIA),Gradient Boosting (XGB substitute),9161.460169532002,7.871946764574532
Non-OECD (EIA),Random Forest,11275.893489767139,10.213870802303973
Non-OPEC (EIA),ARIMA,3828.0767529625955,1.6589691783276537
Non-OPEC (EIA),Exponential Smoothing,3468.395164568616,1.46904958394461
Non-OPEC (EIA),Gradient Boosting (XGB substitute),9534.458994332846,5.303622826376256
Non-OPEC (EIA),Random Forest,11441.134886266263,6.614110979167336
North America,ARIMA,675.8691569949042,1.4496291880804606
North America,Exponential Smoothing,730.6060670921319,1.5137443716135064
North America,Gradient Boosting (XGB substitute),605.38674102136,1.291266239150346
North America,Random Forest,799.7235199288277,1.6803581788837205
North America (EI),ARIMA,675.116555362389,1.5401445545966619
North America (EI),Exponential Smoothing,678.9534339560423,1.4287200233417665
North America (EI),Gradient Boosting (XGB substitute),690.3585324870513,1.6101103297573656
North America (EI),Random Forest,823.4024701294567,1.8288186082245756
North Korea,ARIMA,51.27917878660148,49.795896565354894
North Korea,Exponential Smoothing,35.54108222025389,33.54293187159929
North Korea,Gradient Boosting (XGB substitute),47.77554264339335,46.389534990960755
North Korea,Random Forest,62.20701374187101,60.599888158379656
North Macedonia,ARIMA,1.81684187933346,4.803761087153648
North Macedonia,Exponential Smoothing,1.6905273300869188,4.349778770539079
North Macedonia,Gradient Boosting (XGB substitute),1.9139395686364067,5.8401418032713375
North Macedonia,Random Forest,1.6882674503504156,5.059775536074929
Northern Mariana Islands,ARIMA,0.0,0.0
Northern Mariana Islands,Exponential Smoothing,0.0,0.0
Northern Mariana Islands,Gradient Boosting (XGB substitute),0.0,0.0
Northern Mariana Islands,Random Forest,0.0,0.0
Norway,ARIMA,46.27280596229723,7.902785119022247
Norway,Exponential Smoothing,34.29731467166346,5.431901450790858
Norway,Gradient Boosting (XGB substitute),37.06734317739931,5.4720348846183615
Norway,Random Forest,31.70818833658072,4.877529799279086
OECD (EI),ARIMA,1582.3000038115383,1.7680931170170684
OECD (EI),Exponential Smoothing,1631.977575221213,1.8113240187592927
OECD (EI),Gradient Boosting (XGB substitute),1696.6945667784678,1.784012041234555
OECD (EI),Random Forest,1620.3843896221706,1.6885422052849681
OECD (EIA),ARIMA,2895.291421422431,2.662321127235544
OECD (EIA),Exponential Smoothing,3291.2283322980143,3.2635781139580753
OECD (EIA),Gradient Boosting (XGB substitute),1587.6023209239543,1.7069460983998068
OECD (EIA),Random Forest,1462.0208701867155,1.4827227286791518
OPEC (EIA),ARIMA,1492.3282082574153,9.943990814918296
OPEC (EIA),Exponential Smoothing,1919.5608527118886,13.546251632252257
OPEC (EIA),Gradient Boosting (XGB substitute),976.9307905573722,7.4543622931788445
OPEC (EIA),Random Forest,1162.6799427284234,9.319033556375567
Oceania,ARIMA,141.99812483620147,6.532143094965715
Oceania,Exponential Smoothing,143.35594857418818,6.589712892659503
Oceania,Gradient Boosting (XGB substitute),84.07174265219939,3.9978031468485464
Oceania,Random Forest,93.33522253726488,4.398956727375804
Oman,ARIMA,21.630688610907875,4.602209708869429
Oman,Exponential Smoothing,27.75083301004672,5.958450199117781
Oman,Gradient Boosting (XGB substitute),108.44420685893903,27.059270052248003
Oman,Random Forest,126.34764488383476,32.47405806294184
Pakistan,ARIMA,171.75148512055358,16.73364365307421
Pakistan,Exponential Smoothing,151.1078807510077,14.870105057893
Pakistan,Gradient Boosting (XGB substitute),209.24895642239824,20.267534555717052
Pakistan,Random Forest,211.97058328946738,20.473915029520125
Palestine,ARIMA,1.4029624850143279,5.625010126990661
Palestine,Exponential Smoothing,1.8021126454987866,7.351152157090385
Palestine,Gradient Boosting (XGB substitute),1.8343640547992215,8.770098145234122
Palestine,Random Forest,2.7158410606415537,13.333629884281702
Panama,ARIMA,17.92617672418229,12.737483455951285
Panama,Exponential Smoothing,9.084392783910825,6.222484216735922
Panama,Gradient Boosting (XGB substitute),16.95598986821591,11.935293745674407
Panama,Random Forest,21.131202118577338,15.74376728461685
Papua New Guinea,ARIMA,5.308279415884168,15.336966946163669
Papua New Guinea,Exponential Smoothing,4.084395613047614,14.128145988519572
Papua New Guinea,Gradient Boosting (XGB substitute),5.112016912456929,14.85324130052521
Papua New Guinea,Random Forest,4.878470157007089,14.845799071419291
Paraguay,ARIMA,29.83391571102119,17.798750569347487
Paraguay,Exponential Smoothing,33.33288714724208,20.24566835817754
Paraguay,Gradient Boosting (XGB substitute),10.503022171348256,7.075642678196188
Paraguay,Random Forest,11.2412883242483,7.232012136498843
Persian Gulf (EIA),ARIMA,1288.5921092621957,9.920015670040806
Persian Gulf (EIA),Exponential Smoothing,1453.2182672425909,11.449487103224493
Persian Gulf (EIA),Gradient Boosting (XGB substitute),1061.7259884170055,9.560918166790259
Persian Gulf (EIA),Random Forest,1243.2503019433536,11.634107953567462
Peru,ARIMA,25.27372995007798,6.523071177108407
Peru,Exponential Smoothing,55.49639410628393,15.17742026966363
Peru,Gradient Boosting (XGB substitute),59.96819886471545,16.715129558464067
Peru,Random Forest,72.11174468291361,21.238805611337185
Philippines,ARIMA,150.60811388798857,24.876560335249582
Philippines,Exponential Smoothing,123.4668849948697,20.473007732921168
Philippines,Gradient Boosting (XGB substitute),168.25397481818766,28.109855709310832
Philippines,Random Forest,173.83715862684318,29.404995070643253
Poland,ARIMA,51.40642497035842,3.8251772558127
Poland,Exponential Smoothing,83.70470875943892,6.449808845899492
Poland,Gradient Boosting (XGB substitute),49.41713262019706,3.3109621278697707
Poland,Random Forest,47.84081342500447,3.163954983231005
Portugal,ARIMA,17.080572643392056,5.365713516440172
Portugal,Exponential Smoothing,17.844385624908053,5.383489024818389
Portugal,Gradient Boosting (XGB substitute),21.666769049042784,6.417724372961378
Portugal,Random Forest,18.78766128576869,5.594402779751998
Puerto Rico,ARIMA,29.50381827395262,34.154309611049506
Puerto Rico,Exponential Smoothing,34.90888494658129,39.93208508672537
Puerto Rico,Gradient Boosting (XGB substitute),20.15972648750012,20.881663489702767
Puerto Rico,Random Forest,11.474891652942517,12.076838360655204
Qatar,ARIMA,62.94524621598061,9.740173751028602
Qatar,Exponential Smoothing,97.04987411519875,14.160978677386735
Qatar,Gradient Boosting (XGB substitute),162.3276365264509,27.784243378611347
Qatar,Random Forest,191.06626231649946,33.28216207576658
Reunion,ARIMA,2.6305452207723947,21520227172.5025
Reunion,Exponential Smoothing,75.12464423825568,667499980196.2078
Reunion,Gradient Boosting (XGB substitute),5.392363477519312,51995687638.8662
Reunion,Random Forest,5.107279424697237,50268474074.074005
Romania,ARIMA,91.536660214804,23.759891448563884
Romania,Exponential Smoothing,64.21403129068693,15.917980177342786
Romania,Gradient Boosting (XGB substitute),34.8598887239859,8.780335238928417
Romania,Random Forest,40.043279442972285,10.303872830060474
Russia,ARIMA,585.964749295994,6.296653464841853
Russia,Exponential Smoothing,615.0238067498387,6.461923240265496
Russia,Gradient Boosting (XGB substitute),495.8564983015617,5.25709120139988
Russia,Random Forest,450.7641632674162,4.7614353114466335
Rwanda,ARIMA,0.8853646238563423,11.799783819836746
Rwanda,Exponential Smoothing,0.28133599721222474,3.4446097045487436
Rwanda,Gradient Boosting (XGB substitute),1.9809025362587291,30.31199572454444
Rwanda,Random Forest,2.0510756672130137,31.81933751714267
Saint Helena,ARIMA,0.005912934351753367,12.526279479411711
Saint Helena,Exponential Smoothing,0.00783805926091479,15.651760603264671
Saint Helena,Gradient Boosting (XGB substitute),0.007984965617265992,11.162173736097225
Saint Helena,Random Forest,0.005953839512303899,9.570521008671346
Saint Kitts and Nevis,ARIMA,0.08222328037503934,4.85374763507704
Saint Kitts and Nevis,Exponential Smoothing,0.14515635072379365,10.711110817664006
Saint Kitts and Nevis,Gradient Boosting (XGB substitute),0.057625078917690156,4.470647190356051
Saint Kitts and Nevis,Random Forest,0.05955168620307561,4.664632240785926
Saint Lucia,ARIMA,0.3994373478387062,10.330346032336134
Saint Lucia,Exponential Smoothing,0.24007921217761033,7.969069260643461
Saint Lucia,Gradient Boosting (XGB substitute),0.4043329969672463,10.56574712280085
Saint Lucia,Random Forest,0.4096003950193404,10.871868987689075
Saint Pierre and Miquelon,ARIMA,0.028961554936229712,6.243498525201349
Saint Pierre and Miquelon,Exponential Smoothing,0.02945714496414497,6.5753455087886135
Saint Pierre and Miquelon,Gradient Boosting (XGB substitute),0.029372515016663166,6.06880368208936
Saint Pierre and Miquelon,Random Forest,0.028379048218321132,6.060227363087005
Saint Vincent and the Grenadines,ARIMA,0.21322345538240983,21.146860990047113
Saint Vincent and the Grenadines,Exponential Smoothing,0.24694864010894757,24.46088932359008
Saint Vincent and the Grenadines,Gradient Boosting (XGB substitute),0.14799889849310788,12.53825298276727
Saint Vincent and the Grenadines,Random Forest,0.16513176527388354,15.008941885832764
Samoa,ARIMA,0.2874443147109003,16.46485106936143
Samoa,Exponential Smoothing,0.13625647500268828,8.545517825235867
Samoa,Gradient Boosting (XGB substitute),0.25485893426917,15.020735506430583
Samoa,Random Forest,0.2526065934620316,14.780589205294683
Sao Tome and Principe,ARIMA,0.020621938399870518,2.709061313686081
Sao Tome and Principe,Exponential Smoothing,0.02286905217024788,3.0707499558469173
Sao Tome and Principe,Gradient Boosting (XGB substitute),0.07115263091818323,8.105233519767967
Sao Tome and Principe,Random Forest,0.08543957195325427,10.651553155577004
Saudi Arabia,ARIMA,229.84471586368633,7.205518958841424
Saudi Arabia,Exponential Smoothing,265.78117288029756,7.711338765724572
Saudi Arabia,Gradient Boosting (XGB substitute),726.2927740061118,23.33883412293095
Saudi Arabia,Random Forest,776.3773241625458,25.1653107333558
Senegal,ARIMA,8.980021628657846,20.53643355238132
Senegal,Exponential Smoothing,8.055416771694599,18.45307561963854
Senegal,Gradient Boosting (XGB substitute),10.516413781427076,23.713862690421205
Senegal,Random Forest,11.065388043770328,25.357740613189705
Serbia,ARIMA,21.941180167802298,10.963220081425364
Serbia,Exponential Smoothing,25.379318225643825,12.369025475162134
Serbia,Gradient Boosting (XGB substitute),8.226654213668033,3.687631129090083
Serbia,Random Forest,8.353707039046972,3.7684552980784436
Serbia and Montenegro,ARIMA,25.06820199288869,8.23450780066456
Serbia and Montenegro,Exponential Smoothing,253.12635334600137,85.07434651200917
Serbia and Montenegro,Gradient Boosting (XGB substitute),24.88485161896806,7.346413685861432
Serbia and Montenegro,Random Forest,12.99915096379965,3.4810174519418458
Seychelles,ARIMA,0.7108506029477933,14.399068324446171
Seychelles,Exponential Smoothing,0.34232731230264424,5.768236042508066
Seychelles,Gradient Boosting (XGB substitute),0.641479376299816,11.584312592974428
Seychelles,Random Forest,0.6378709051762492,12.137684090305303
Sierra Leone,ARIMA,0.807425977438207,16.84006590784061
Sierra Leone,Exponential Smoothing,0.4852329705043212,7.868055076285492
Sierra Leone,Gradient Boosting (XGB substitute),1.0123531726984825,15.974430459932895
Sierra Leone,Random Forest,0.7091985264428092,11.787725508479944
Singapore,ARIMA,152.99299358656648,13.957847069451256
Singapore,Exponential Smoothing,164.69087464455026,15.063178003127241
Singapore,Gradient Boosting (XGB substitute),107.03719896519301,10.069734031613962
Singapore,Random Forest,125.32663171474152,12.37326951316538
Slovakia,ARIMA,6.936284653476861,3.1661385423684587
Slovakia,Exponential Smoothing,8.951868526384404,3.94527806175603
Slovakia,Gradient Boosting (XGB substitute),15.606540537829746,7.603364073794052
Slovakia,Random Forest,15.66778656407685,7.712861799485777
Slovenia,ARIMA,4.291128428010005,4.713737269238219
Slovenia,Exponential Smoothing,6.00435893701799,6.295036411042751
Slovenia,Gradient Boosting (XGB substitute),5.607244818908085,6.392845749993777
Slovenia,Random Forest,5.0240372626428105,5.460426784163328
Solomon Islands,ARIMA,0.42325629484257926,28.60887085722607
Solomon Islands,Exponential Smoothing,0.4481172995889511,30.23330149034748
Solomon Islands,Gradient Boosting (XGB substitute),0.14506945332452306,9.462568112822325
Solomon Islands,Random Forest,0.1384099685448697,8.966564989425878
Somalia,ARIMA,0.1295428324470673,3.1638686519229764
Somalia,Exponential Smoothing,0.4225252472837994,10.338486407897864
Somalia,Gradient Boosting (XGB substitute),0.18849042604648572,4.423590219565889
Somalia,Random Forest,0.19079170363979958,4.4991632063212075
South Africa,ARIMA,200.1534588470983,12.051615284348072
South Africa,Exponential Smoothing,222.116292277207,13.628616876298368
South Africa,Gradient Boosting (XGB substitute),48.272294035115436,2.9431336918153943
South Africa,Random Forest,42.35442838001243,2.6728012385067297
South America,ARIMA,1024.9592799552236,11.642213680410135
South America,Exponential Smoothing,978.7834493531625,11.070732123494677
South America,Gradient Boosting (XGB substitute),449.21896083868353,5.701017993371093
South America,Random Forest,631.2935511495376,8.068882282536721
South Korea,ARIMA,482.65934706389044,11.984486082055067
South Korea,Exponential Smoothing,558.7034976233256,13.880786977776557
South Korea,Gradient Boosting (XGB substitute),240.1300420031663,6.188415681203208
South Korea,Random Forest,323.34254721697476,8.866891165488317
South and Central America (EI),ARIMA,1030.4396263273272,10.116602098425844
South and Central America (EI),Exponential Smoothing,996.4646504381299,9.749098203351036
South and Central America (EI),Gradient Boosting (XGB substitute),483.25281312651214,5.432997691826197
South and Central America (EI),Random Forest,653.2729095599115,7.3814808968127075
Spain,ARIMA,53.305683641168066,2.7834896944491314
Spain,Exponential Smoothing,125.1768455253391,6.10953159400911
Spain,Gradient Boosting (XGB substitute),106.35546431436401,5.867938929305949
Spain,Random Forest,118.67147840568744,6.77575259898171
Sri Lanka,ARIMA,14.275679600888157,10.717232891954625
Sri Lanka,Exponential Smoothing,16.292232580749726,12.903725663564867
Sri Lanka,Gradient Boosting (XGB substitute),29.284825491652064,26.12831152029898
Sri Lanka,Random Forest,28.95369754798758,25.810995582230568
Sudan,ARIMA,32.599451159921685,27.00651544657064
Sudan,Exponential Smoothing,7.65368431973512,5.504394943100191
Sudan,Gradient Boosting (XGB substitute),20.472306902308866,17.68562169123358
Sudan,Random Forest,19.35620237268251,16.559485888677507
Suriname,ARIMA,1.6629991880909307,10.781124345394373
Suriname,Exponential Smoothing,0.8276773681792069,5.727827293787129
Suriname,Gradient Boosting (XGB substitute),1.1508297696723548,7.650760239238218
Suriname,Random Forest,1.1042937938948023,7.879973519404718
Sweden,ARIMA,30.007854964658083,4.058281348916721
Sweden,Exponential Smoothing,36.24154585240191,5.195287762182329
Sweden,Gradient Boosting (XGB substitute),32.39646150968184,3.748215676865411
Sweden,Random Forest,22.433989497294014,2.689743059543237
Switzerland,ARIMA,21.62539918463554,5.93688972719568
Switzerland,Exponential Smoothing,20.5116439668499,5.4089348697532795
Switzerland,Gradient Boosting (XGB substitute),19.17425504719245,5.024431930982886
Switzerland,Random Forest,18.48094672759681,4.957704345748425
Syria,ARIMA,23.916151933086475,16.313880142411563
Syria,Exponential Smoothing,138.92566627104299,90.00958507279535
Syria,Gradient Boosting (XGB substitute),44.913997973204104,29.750096094750795
Syria,Random Forest,49.04625140070264,31.320941065446362
Taiwan,ARIMA,93.7679631307507,5.3254264453852205
Taiwan,Exponential Smoothing,108.26124192766838,6.411354938089335
Taiwan,Gradient Boosting (XGB substitute),86.0145153462501,6.078508745670813
Taiwan,Random Forest,70.5322013056377,4.81424980025893
Tajikistan,ARIMA,8.960891439288252,10.882792654487377
Tajikistan,Exponential Smoothing,12.428652234707695,15.379013187989464
Tajikistan,Gradient Boosting (XGB substitute),9.45878665300164,9.533453144527067
Tajikistan,Random Forest,7.905259280461602,8.411461800279358
Tanzania,ARIMA,13.073881988915856,20.741387443511357
Tanzania,Exponential Smoothing,12.17416143322979,16.970450811120806
Tanzania,Gradient Boosting (XGB substitute),8.376461744135929,13.986830757208468
Tanzania,Random Forest,11.934267562845195,20.881864612209192
Thailand,ARIMA,95.3849036648667,5.436498146769637
Thailand,Exponential Smoothing,136.48030421819394,6.523972174110956
Thailand,Gradient Boosting (XGB substitute),186.04931405845684,12.682992039152277
Thailand,Random Forest,215.70383654007946,14.901486628624294
Togo,ARIMA,1.9821198253609202,19.183811502428924
Togo,Exponential Smoothing,1.7126310906577893,17.032602693514644
Togo,Gradient Boosting (XGB substitute),1.460051247642248,13.589183808021504
Togo,Random Forest,1.6138676999645487,15.15539549478358
Tonga,ARIMA,0.1406367291332761,17.94235515722897
Tonga,Exponential Smoothing,0.07594581389336263,9.140630569208165
Tonga,Gradient Boosting (XGB substitute),0.17422173631393298,21.45801706104966
Tonga,Random Forest,0.1611247862510434,19.803804338726938
Trinidad and Tobago,ARIMA,65.04088955770106,30.657168992016327
Trinidad and Tobago,Exponential Smoothing,93.79630797025021,44.09810677242184
Trinidad and Tobago,Gradient Boosting (XGB substitute),29.980542030521377,13.86953203810658
Trinidad and Tobago,Random Forest,29.90350673688879,13.545347917265852
Tunisia,ARIMA,27.21672182041445,23.274479182624574
Tunisia,Exponential Smoothing,14.498135058458718,11.852141563439659
Tunisia,Gradient Boosting (XGB substitute),17.565089347597883,13.377936471633141
Tunisia,Random Forest,21.325131157314267,16.66827943368047
Turkey,ARIMA,149.16372529826413,7.116794984212087
Turkey,Exponential Smoothing,139.52930899149047,6.666816037047692
Turkey,Gradient Boosting (XGB substitute),433.4260509865004,21.22813930046068
Turkey,Random Forest,471.7800207846579,23.74671052865024
Turkmenistan,ARIMA,92.29757679103649,18.40766127008195
Turkmenistan,Exponential Smoothing,39.727412293288424,8.225798924072048
Turkmenistan,Gradient Boosting (XGB substitute),109.37392518207437,24.726742778936107
Turkmenistan,Random Forest,114.63929163962612,25.161672527986788
Turks and Caicos Islands,ARIMA,0.14863688416757195,14.36084681198697
Turks and Caicos Islands,Exponential Smoothing,0.0769467656585714,5.384775038394195
Turks and Caicos Islands,Gradient Boosting (XGB substitute),0.13706770441286473,13.001196789047171
Turks and Caicos Islands,Random Forest,0.13807298054128728,13.132530043065238
Tuvalu,ARIMA,0.0,0.0
Tuvalu,Exponential Smoothing,0.0,0.0
Tuvalu,Gradient Boosting (XGB substitute),0.0,0.0
Tuvalu,Random Forest,0.0,0.0
U.S. Pacific Islands (EIA),ARIMA,0.5866197429387459,2764883555.063854
U.S. Pacific Islands (EIA),Exponential Smoothing,0.6654341417275483,3117009696.2942057
U.S. Pacific Islands (EIA),Gradient Boosting (XGB substitute),0.5414651278748907,2364439331.6816034
U.S. Pacific Islands (EIA),Random Forest,0.5287916763868825,2374340611.9756446
U.S. Territories (EIA),ARIMA,0.0,0.0
U.S. Territories (EIA),Exponential Smoothing,0.0,0.0
U.S. Territories (EIA),Gradient Boosting (XGB substitute),0.0,0.0
U.S. Territories (EIA),Random Forest,0.0,0.0
USSR,ARIMA,1818.9698999120594,9.117651019224194
USSR,Exponential Smoothing,7558.2915934385255,36.21816275700385
USSR,Gradient Boosting (XGB substitute),1173.8004165537013,6.0213899618964035
USSR,Random Forest,2049.1972802665427,10.976469994945049
Uganda,ARIMA,10.218192782397287,28.92833940998067
Uganda,Exponential Smoothing,5.836082664599315,16.847457751708976
Uganda,Gradient Boosting (XGB substitute),11.764649191567683,34.12518347104687
Uganda,Random Forest,11.7339957568533,34.09264899646742
Ukraine,ARIMA,135.5261768780984,13.52847113263658
Ukraine,Exponential Smoothing,246.42790569701157,26.916917222220743
Ukraine,Gradient Boosting (XGB substitute),232.7283102672404,24.136654536255588
Ukraine,Random Forest,285.0137773686321,31.759251252530447
United Arab Emirates,ARIMA,85.95616527048725,5.774736416955032
United Arab Emirates,Exponential Smoothing,135.23183557886497,8.688075550303763
United Arab Emirates,Gradient Boosting (XGB substitute),222.2376441819898,15.993860124313223
United Arab Emirates,Random Forest,249.2266448129866,18.41877723158204
United Kingdom,ARIMA,282.1545319882295,11.099205221655533
United Kingdom,Exponential Smoothing,230.62371667644868,8.892634264431907
United Kingdom,Gradient Boosting (XGB substitute),231.18661718566594,8.483267192931919
United Kingdom,Random Forest,232.93826979721328,8.82414026047134
United States,ARIMA,825.6256038233207,2.756674247780621
United States,Exponential Smoothing,772.1608623673784,2.5020707998555034
United States,Gradient Boosting (XGB substitute),725.269622784955,2.199890171867612
United States,Random Forest,727.8270338266445,2.0297072562928573
United States Virgin Islands,ARIMA,13.013656049655218,124.37917938709646
United States Virgin Islands,Exponential Smoothing,44.00971615018225,388.7431525667519
United States Virgin Islands,Gradient Boosting (XGB substitute),21.137251980033,170.2918821492161
United States Virgin Islands,Random Forest,14.230803107241298,123.43966716677575
Upper-middle-income countries,ARIMA,2050.5967474998024,2.234665968318525
Upper-middle-income countries,Exponential Smoothing,8169.893389197082,10.859635609423226
Upper-middle-income countries,Gradient Boosting (XGB substitute),10785.576156738787,13.417653529859951
Upper-middle-income countries,Random Forest,12323.83447365993,16.111893740788403
Uruguay,ARIMA,6.790940800415858,9.679087626708704
Uruguay,Exponential Smoothing,4.511388645783486,6.737907298817329
Uruguay,Gradient Boosting (XGB substitute),5.589221303562168,7.536590505705293
Uruguay,Random Forest,5.689923822574448,7.702828951706116
Uzbekistan,ARIMA,24.124675219979938,3.8483491264627636
Uzbekistan,Exponential Smoothing,17.899511347182024,3.0391144336922844
Uzbekistan,Gradient Boosting (XGB substitute),21.44752781722988,3.2518204247417177
Uzbekistan,Random Forest,21.788500930360254,2.8173897092760427
Vanuatu,ARIMA,0.19097158112264542,16.744557070294928
Vanuatu,Exponential Smoothing,0.1687123497684822,14.029780690670485
Vanuatu,Gradient Boosting (XGB substitute),0.19979374695677538,16.49307830178856
Vanuatu,Random Forest,0.18082000457449682,15.245517278980264
Venezuela,ARIMA,393.90835336282424,48.17757399876554
Venezuela,Exponential Smoothing,390.4461717028411,47.8600048636092
Venezuela,Gradient Boosting (XGB substitute),147.32187150625995,16.879132000267884
Venezuela,Random Forest,127.15402720623682,14.463620434153167
Vietnam,ARIMA,206.78142925557486,15.026605619621789
Vietnam,Exponential Smoothing,123.96835313081229,9.20869102288535
Vietnam,Gradient Boosting (XGB substitute),469.3822476042324,36.28415977397374
Vietnam,Random Forest,500.2672082808191,40.08067191948307
Wake Island (EIA),ARIMA,2.666687385086948,12570269961.979908
Wake Island (EIA),Exponential Smoothing,2.7002117436243487,12728236918.14739
Wake Island (EIA),Gradient Boosting (XGB substitute),2.587663801631902,12194697343.090946
Wake Island (EIA),Random Forest,2.602214464857024,12264140740.918964
Western Africa (EI),ARIMA,211.79564142722953,21.564414632725647
Western Africa (EI),Exponential Smoothing,213.1205904776466,22.06660150007139
Western Africa (EI),Gradient Boosting (XGB substitute),274.8487331817276,29.462862757269136
Western Africa (EI),Random Forest,288.87345446591604,31.779635331596502
Western Sahara,ARIMA,0.020856138303241963,1.6102658345995926
Western Sahara,Exponential Smoothing,0.07013745473965365,5.8292537449384385
Western Sahara,Gradient Boosting (XGB substitute),0.017297124652437306,1.2217966850772275
Western Sahara,Random Forest,0.017299004030738575,1.2217253691701313
World,ARIMA,2182.43759623304,0.8581034849009165
World,Exponential Smoothing,5333.1129178724295,2.7727177915517034
World,Gradient Boosting (XGB substitute),16560.81422448545,9.06770785590347
World,Random Forest,18216.936999926664,10.22141658438776
Yemen,ARIMA,29.396865442303163,64.13425823253954
Yemen,Exponential Smoothing,37.96033914831189,85.21943511083732
Yemen,Gradient Boosting (XGB substitute),17.363973966653642,29.105742680165125
Yemen,Random Forest,17.59230194189507,28.642780531834788
Yugoslavia,ARIMA,165.1316828257987,16.95300978723298
Yugoslavia,Exponential Smoothing,186.79584776510734,19.36559806825402
Yugoslavia,Gradient Boosting (XGB substitute),35.79849483151116,3.097424495651315
Yugoslavia,Random Forest,37.14854015665702,4.041225893341583
Zambia,ARIMA,4.718606542969088,5.938859242535296
Zambia,Exponential Smoothing,3.8400465839726303,5.865472144650805
Zambia,Gradient Boosting (XGB substitute),14.808009007259757,23.668079560151174
Zambia,Random Forest,15.380294291220766,24.848545179017023
Zimbabwe,ARIMA,10.665864124379523,20.55639459433531
Zimbabwe,Exponential Smoothing,9.85053350435092,17.646208029813113
Zimbabwe,Gradient Boosting (XGB substitute),4.111129619324797,6.831691688275145
Zimbabwe,Random Forest,4.447243730297791,7.703893828135246
